{"cameraMode":{"drawMode":2,"name":"Shaded Wireframe","section":"Shading Mode"},"sceneLighting":true,"audioPlay":false,"sceneViewState":{"m_AlwaysRefresh":false,"showFog":true,"showSkybox":true,"showFlares":true,"showImageEffects":true,"showParticleSystems":true,"showVisualEffectGraphs":true,"m_FxEnabled":true},"in2DMode":false,"pivot":{"x":-1.0301603078842164,"y":0.20113703608512879,"z":-9.09815502166748},"rotation":{"x":-0.0011955505469813943,"y":0.9984968900680542,"z":-0.024277761578559877,"w":-0.049164555966854098},"size":5.0480241775512699,"orthographic":false}