{"cameraMode":{"drawMode":2,"name":"Shaded Wireframe","section":"Shading Mode"},"sceneLighting":true,"audioPlay":false,"sceneViewState":{"m_AlwaysRefresh":false,"showFog":true,"showSkybox":true,"showFlares":true,"showImageEffects":true,"showParticleSystems":true,"showVisualEffectGraphs":true,"m_FxEnabled":true},"in2DMode":false,"pivot":{"x":-0.14764799177646638,"y":1.0133625268936158,"z":-0.8073904514312744},"rotation":{"x":0.0033097697887569668,"y":-0.015003053471446038,"z":0.000060615020629484206,"w":0.999893069267273},"size":2.5890791416168215,"orthographic":false}