{"cameraMode":{"drawMode":2,"name":"Shaded Wireframe","section":"Shading Mode"},"sceneLighting":true,"audioPlay":false,"sceneViewState":{"m_AlwaysRefresh":false,"showFog":true,"showSkybox":true,"showFlares":true,"showImageEffects":true,"showParticleSystems":true,"showVisualEffectGraphs":true,"m_FxEnabled":true},"in2DMode":false,"pivot":{"x":0.093207448720932,"y":0.7101288437843323,"z":-0.8930618166923523},"rotation":{"x":-0.05963750556111336,"y":0.02395099401473999,"z":0.0014423977117985488,"w":0.9979425072669983},"size":1.989079236984253,"orthographic":false}