{"cameraMode":{"drawMode":2,"name":"Shaded Wireframe","section":"Shading Mode"},"sceneLighting":true,"audioPlay":false,"sceneViewState":{"m_AlwaysRefresh":false,"showFog":true,"showSkybox":true,"showFlares":true,"showImageEffects":true,"showParticleSystems":true,"showVisualEffectGraphs":true,"m_FxEnabled":true},"in2DMode":false,"pivot":{"x":-0.8814272284507752,"y":0.5279175043106079,"z":0.15149390697479249},"rotation":{"x":-0.005403759889304638,"y":0.9887053966522217,"z":-0.14519304037094117,"w":-0.036795876920223239},"size":0.5168188810348511,"orthographic":false}