{"cameraMode":{"drawMode":0,"name":"Shaded","section":"Shading Mode"},"sceneLighting":true,"audioPlay":false,"sceneViewState":{"m_AlwaysRefresh":false,"showFog":true,"showSkybox":true,"showFlares":true,"showImageEffects":true,"showParticleSystems":true,"showVisualEffectGraphs":true,"m_FxEnabled":true},"in2DMode":false,"pivot":{"x":-19.750225067138673,"y":-135.78797912597657,"z":154.16758728027345},"rotation":{"x":0.45848777890205386,"y":-0.04661708325147629,"z":0.02409733273088932,"w":0.8871598839759827},"size":156.6109619140625,"orthographic":false}