{"cameraMode":{"drawMode":0,"name":"Shaded","section":"Shading Mode"},"sceneLighting":true,"audioPlay":false,"sceneViewState":{"m_AlwaysRefresh":false,"showFog":true,"showSkybox":true,"showFlares":true,"showImageEffects":true,"showParticleSystems":true,"showVisualEffectGraphs":true,"m_FxEnabled":true},"in2DMode":false,"pivot":{"x":-3.2590606212615969,"y":-187.53929138183595,"z":35.82527160644531},"rotation":{"x":0.6339950561523438,"y":-0.020870044827461244,"z":0.017126336693763734,"w":0.7728768587112427},"size":102.28728485107422,"orthographic":false}