{"cameraMode":{"drawMode":0,"name":"Shaded","section":"Shading Mode"},"sceneLighting":true,"audioPlay":false,"sceneViewState":{"m_AlwaysRefresh":false,"showFog":true,"showSkybox":true,"showFlares":true,"showImageEffects":true,"showParticleSystems":true,"showVisualEffectGraphs":true,"m_FxEnabled":true},"in2DMode":false,"pivot":{"x":-0.4219058156013489,"y":-203.8121337890625,"z":0.5869988203048706},"rotation":{"x":0.7064699530601502,"y":-0.0031817094422876837,"z":0.003183152060955763,"w":0.7077391147613525},"size":110.90664672851563,"orthographic":false}