{"cameraMode":{"drawMode":0,"name":"Shaded","section":"Shading Mode"},"sceneLighting":true,"audioPlay":false,"sceneViewState":{"m_AlwaysRefresh":false,"showFog":true,"showSkybox":true,"showFlares":true,"showImageEffects":true,"showParticleSystems":true,"showVisualEffectGraphs":true,"m_FxEnabled":true},"in2DMode":false,"pivot":{"x":1.9717074632644654,"y":1.9338600635528565,"z":1.7851214408874512},"rotation":{"x":-0.003622888121753931,"y":0.9956103563308716,"z":-0.08173897117376328,"w":-0.04601016268134117},"size":0.19037961959838868,"orthographic":false}