{"cameraMode":{"drawMode":0,"name":"Shaded","section":"Shading Mode"},"sceneLighting":true,"audioPlay":false,"sceneViewState":{"m_AlwaysRefresh":false,"showFog":true,"showSkybox":true,"showFlares":true,"showImageEffects":true,"showParticleSystems":true,"showVisualEffectGraphs":true,"m_FxEnabled":true},"in2DMode":false,"pivot":{"x":0.01665487140417099,"y":-0.03408653289079666,"z":0.09658223390579224},"rotation":{"x":-0.17047922313213349,"y":0.5253155827522278,"z":-0.10837997496128082,"w":-0.8266044855117798},"size":0.1962088793516159,"orthographic":false}