{"cameraMode":{"drawMode":0,"name":"Shaded","section":"Shading Mode"},"sceneLighting":false,"audioPlay":false,"sceneViewState":{"m_AlwaysRefresh":false,"showFog":true,"showSkybox":false,"showFlares":true,"showImageEffects":true,"showParticleSystems":true,"showVisualEffectGraphs":true,"m_FxEnabled":true},"in2DMode":false,"pivot":{"x":-7.906652450561523,"y":0.8616963028907776,"z":0.9874906539916992},"rotation":{"x":0.007376513443887234,"y":0.8943713307380676,"z":-0.014758473262190819,"w":0.4470207393169403},"size":1.511993646621704,"orthographic":true}